{
  "x": [
    50,
    100,
    150,
    200,
    250,
    300,
    350,
    400,
    450,
    500,
    550,
    600,
    650,
    700,
    750,
    800,
    850,
    900,
    950,
    1000,
    1050,
    1100,
    1150,
    1200,
    1250,
    1300,
    1350,
    1400,
    1450,
    1500,
    1550,
    1600,
    1650,
    1700,
    1750,
    1800,
    1850,
    1900,
    1950,
    2000,
    2050,
    2100,
    2150,
    2200
  ],
  "overall": [
    0.44,
    0.52,
    0.48,
    0.5,
    0.444,
    0.4033333333333333,
    0.37714285714285717,
    0.3475,
    0.3244444444444444,
    0.312,
    0.3054545454545455,
    0.3,
    0.2907692307692308,
    0.30714285714285716,
    0.32266666666666666,
    0.325,
    0.31882352941176473,
    0.31333333333333335,
    0.3094736842105263,
    0.3,
    0.29428571428571426,
    0.28454545454545455,
    0.28,
    0.27166666666666667,
    0.2664,
    0.26615384615384613,
    0.26666666666666666,
    0.27071428571428574,
    0.26620689655172414,
    0.27266666666666667,
    0.27548387096774196,
    0.276875,
    0.2787878787878788,
    0.28,
    0.28,
    0.2822222222222222,
    0.28378378378378377,
    0.2789473684210526,
    0.27589743589743587,
    0.272,
    0.27170731707317075,
    0.2671428571428571,
    0.26325581395348835,
    0.2595454545454545
  ],
  "closed": [
    0.525,
    0.5666666666666667,
    0.5071428571428571,
    0.5469613259668509,
    0.5396039603960396,
    0.5384615384615384,
    0.5284552845528455,
    0.48398576512455516,
    0.47194719471947194,
    0.45671641791044776,
    0.44715447154471544,
    0.43276283618581907,
    0.4105960264900662,
    0.4335378323108384,
    0.4596153846153846,
    0.4672727272727273,
    0.4652777777777778,
    0.46410684474123537,
    0.46763754045307443,
    0.46214511041009465,
    0.4582701062215478,
    0.4472140762463343,
    0.43671766342141866,
    0.4268456375838926,
    0.4156010230179028,
    0.4183168316831683,
    0.42206235011990406,
    0.4313953488372093,
    0.43101482326111745,
    0.44065934065934065,
    0.4443266171792153,
    0.447070914696814,
    0.44752475247524753,
    0.4508670520231214,
    0.4479553903345725,
    0.45207956600361665,
    0.45671378091872794,
    0.45233968804159447,
    0.451063829787234,
    0.44966442953020136,
    0.45036915504511893,
    0.4458804523424879,
    0.4434713375796178,
    0.4411302982731554
  ],
  "open": [
    0.1,
    0.1,
    0.1,
    0.05263157894736842,
    0.041666666666666664,
    0.02531645569620253,
    0.019230769230769232,
    0.025210084033613446,
    0.02040816326530612,
    0.01818181818181818,
    0.016574585635359115,
    0.015706806282722512,
    0.015228426395939087,
    0.014218009478672985,
    0.013043478260869565,
    0.012,
    0.010948905109489052,
    0.013289036544850499,
    0.015060240963855422,
    0.01912568306010929,
    0.017902813299232736,
    0.019138755980861243,
    0.018561484918793503,
    0.017582417582417582,
    0.017094017094017096,
    0.016260162601626018,
    0.015503875968992248,
    0.014814814814814815,
    0.013961605584642234,
    0.013559322033898305,
    0.013179571663920923,
    0.012759170653907496,
    0.0125,
    0.012084592145015106,
    0.011869436201780416,
    0.011527377521613832,
    0.011142061281337047,
    0.010723860589812333,
    0.01032258064516129,
    0.009900990099009901,
    0.009626955475330927,
    0.010440835266821345,
    0.010067114093959731,
    0.009719222462203024
  ]
}